{"move_key":1,"jump_key":0,"planet_value_minus20":-20,"planet_value_minus10":-10,"planet_value_0":0,"planet_value_plus10":10,"planet_value_plus20":20,"prob_target_miss":50,"steps_planned":3,"strategy_route_selection":"I tried to work out what was the best three move combination to maximise my points. In some cases there was a clear optimal first move, in which case I made that straight away and then paused to think about the next two moves. In other cases the best three moves were immediately apparent and I made them all fairly quickly. But sometimes I had to stop and think about the moves. I enjoyed the planning side of the game and was willing to take my time working out the optimal moves where I needed to, though often it was obvious quickly. Where I typically had to pause and calculate was when the asteroid belt was a factor, which I will explain in my answer to the next question.","strategy_probability":"This definitely factored into my planning. I first looked at what I could get if I completely avoided the planet with the asteroid belt and knew I had this as a guaranteed reward if I wanted it. In some cases the best case scenario from the asteroid planet was no better than the guaranteed reward, and in other cases the worst case scenario from the asteroid planet was no worse than the guaranteed reward, and in these cases my choice was obvious (I'd take the guaranteed reward in the first example, and I'd attempt to land on the asteroid planet in the second). Where it was more complex was when there was a clear risk vs reward dynamic, where the best case scenario gained me more points than the guaranteed reward, but the worst case scenario lost me points. In these examples I considered how many points I was risking and what the chances of success vs failure were before making my decision.  ","strategy_change":"In some cases yes, I did adapt my strategy within a constellation. Where I decided it was worth it to try and land on an asteroid planet in the first move and there was nothing to lose, I typically didn't plan the next two moves ahead, I just made that move and then worked out what the next best moves were after I'd landed. Note that where landing on an asteroid planet did have a chance of costing me points I would calculate three moves ahead first.","risk_taking":3,"general_feedback":"Overall I enjoyed this game and liked the planning and calculating side of things."}