{"move_key":1,"jump_key":0,"planet_value_minus20":-20,"planet_value_minus10":-10,"planet_value_0":0,"planet_value_plus10":10,"planet_value_plus20":20,"prob_target_miss":50,"steps_planned":3,"strategy_route_selection":"I mainly relied on landing on a planet with an asteroid storm to allow me to navigate a path in which I could access the +20-point planet.","strategy_probability":"I did include the chance my spaceship would not reach the planet I was heading for, and I just took the potential loss and hoped I could recoup the lost points in another planetary system.","strategy_change":"No","risk_taking":1,"general_feedback":"I enjoyed the game, as it was thought-provoking."}