{"move_key":0,"jump_key":1,"planet_value_minus20":-20,"planet_value_minus10":-10,"planet_value_0":0,"planet_value_plus10":10,"planet_value_plus20":20,"prob_target_miss":60,"steps_planned":3,"strategy_route_selection":"Maximise green and blue planets where possible and to minimise losses","strategy_probability":"Yes I took chances often on the storms not taking me to where I wanted but sometimes it worked out for the better and the riskw as worth it","strategy_change":"No","risk_taking":1,"general_feedback":"No"}