{"move_key":1,"jump_key":0,"planet_value_minus20":-20,"planet_value_minus10":-10,"planet_value_0":0,"planet_value_plus10":10,"planet_value_plus20":20,"prob_target_miss":40,"steps_planned":4,"strategy_route_selection":"I already studied the planet and their game points and it I used it as a strategy to determine the best flight route","strategy_probability":"Yes, I included the chances of my spaceship not reaching the planet I was heading to and it affected my route by causing me to loose points.","strategy_change":"No","risk_taking":3,"general_feedback":"No"}