{"move_key":0,"jump_key":1,"planet_value_minus20":-20,"planet_value_minus10":-10,"planet_value_0":0,"planet_value_plus10":10,"planet_value_plus20":20,"prob_target_miss":40,"steps_planned":3,"strategy_route_selection":"tried to get to the earth planet as much as possible and avoid the red planets","strategy_probability":"yes sometime if there was an asteroid storm i would try to calculate what options i would land in to maximise getting to the earth planet","strategy_change":"a bit, later on the asteroid storm seemed to affect the rocket more","risk_taking":2,"general_feedback":"no"}