{"move_key":1,"jump_key":0,"planet_value_minus20":-20,"planet_value_minus10":-10,"planet_value_0":0,"planet_value_plus10":10,"planet_value_plus20":20,"prob_target_miss":60,"steps_planned":2,"strategy_route_selection":"I was trying to target planets that offer me points so I am trying to reach them to collect as many points as I can. ","strategy_probability":"No","strategy_change":"I see how far or close the planets that offer me points. I change my strategy according to the position of the plants that gives me points. ","risk_taking":2,"general_feedback":"No"}