{"move_key":1,"jump_key":0,"planet_value_minus20":-20,"planet_value_minus10":-10,"planet_value_0":0,"planet_value_plus10":10,"planet_value_plus20":20,"prob_target_miss":50,"steps_planned":3,"strategy_route_selection":"I tried to avoid the planets with asteroids as much as possible and target the planets that could give me as many points as I could collect.","strategy_probability":"No","strategy_change":"My only strategy was to get as many points as I could and I used that in the different planet constellations and tried to avoid losing points.","risk_taking":1,"general_feedback":"I enjoyed the game, made me think and take risky decisions"}