{"move_key":1,"jump_key":0,"planet_value_minus20":-20,"planet_value_minus10":-10,"planet_value_0":0,"planet_value_plus10":10,"planet_value_plus20":20,"prob_target_miss":50,"steps_planned":3,"strategy_route_selection":"I tried to avoid the negative scoring planets and hit the highest points planets if possible. Where there was an asteroid storm on a planet that was surrounded by neutral or positive value planets, I always went for it.","strategy_probability":"No","strategy_change":"Yes if I didn't land on the planet due to an asteroid storm.","risk_taking":3,"general_feedback":"No"}