{"move_key":1,"jump_key":0,"planet_value_minus20":-20,"planet_value_minus10":-10,"planet_value_0":0,"planet_value_plus10":10,"planet_value_plus20":20,"prob_target_miss":50,"steps_planned":3,"strategy_route_selection":"I looked to see the best strategy that would allow maximum gain of fuel or minimal loss.","strategy_probability":"Yes, I looked at the risk v reward if i did not reach the planet and then took the option with most probability of a good outcome.","strategy_change":"No","risk_taking":1,"general_feedback":"No"}