{"move_key":1,"jump_key":0,"planet_value_minus20":-20,"planet_value_minus10":-10,"planet_value_0":0,"planet_value_plus10":10,"planet_value_plus20":20,"prob_target_miss":50,"steps_planned":2,"strategy_route_selection":"Looking at planets 1 and 2 away from the start, then 1 and 2 away from those two options. ","strategy_probability":"I would generally prefer certainty over the uncertainty of the asteroid belt planets, but because it seemed to be about a 50% change, I would always consider good asteroid planets over other bad options. Especially if one of the options for not landing on the asteroid planet was a good one too. I assumed it would land on the asteroid planet and then reassessed my next steps if it didn't.","strategy_change":"I think making a few mistakes where I rushed and missed something made me slow down and think a bit more carefully.","risk_taking":3,"general_feedback":"No"}