{"move_key":0,"jump_key":1,"planet_value_minus20":-20,"planet_value_minus10":-10,"planet_value_0":0,"planet_value_plus10":10,"planet_value_plus20":20,"prob_target_miss":40,"steps_planned":4,"strategy_route_selection":"I generally just tried to ensure that I was getting a 'positive' fuel outcome each time i.e. +10, +20, +30, +40 points where possible such as to not generally lose net points. This just meant planning out my flight plan so that I ensured this","strategy_probability":"Sometimes, if there was a planet with asteroids, I did plan this - other times not. In the times I did, it affected my route planning if the planets forward or backward would have led to me losing points or potentially not losing any if it sent me back to a planet which had positive points.","strategy_change":"No","risk_taking":1,"general_feedback":"No"}