{"move_key":1,"jump_key":0,"planet_value_minus20":-20,"planet_value_minus10":-10,"planet_value_0":0,"planet_value_plus10":10,"planet_value_plus20":20,"prob_target_miss":50,"steps_planned":3,"strategy_route_selection":"Checked where each option would land me and depending on my point, whether or not it was worth risking the odds of the asteroid storm.","strategy_probability":"Yes because then I had to select whether to move 2 planets or one at each turn.","strategy_change":"No","risk_taking":3,"general_feedback":"No"}