{"move_key":0,"jump_key":1,"planet_value_minus20":-20,"planet_value_minus10":-10,"planet_value_0":0,"planet_value_plus10":10,"planet_value_plus20":20,"prob_target_miss":40,"steps_planned":3,"strategy_route_selection":"First I worked out the best route, using math, regardless of the asteroid planet. Then I factored that in to see if it made a differenc. Tere were some trials where I knew I would have to take a chance.","strategy_probability":"Gut instinct really, I did not get a feeling for the % chance of missing.","strategy_change":"No, it was consistent throughoutn","risk_taking":2,"general_feedback":"No"}