{"move_key":0,"jump_key":1,"planet_value_minus20":-20,"planet_value_minus10":-10,"planet_value_0":0,"planet_value_plus10":10,"planet_value_plus20":20,"prob_target_miss":60,"steps_planned":3,"strategy_route_selection":"I mainly tried to plan out for the most points i could collect, e.g. land on the blue or earth planets, worst case i would land on grey to be safe and not lose any points.","strategy_probability":"Yes i did, but i selected it as a guess","strategy_change":"No","risk_taking":1,"general_feedback":"No"}
