{"move_key":0,"jump_key":1,"planet_value_minus20":-20,"planet_value_minus10":-10,"planet_value_0":0,"planet_value_plus10":10,"planet_value_plus20":20,"prob_target_miss":50,"steps_planned":3,"strategy_route_selection":"I looked for the highest value planets and their step distribution from each other on the board before figuring out how many I could realistically hit within three moves. In addition, I would minimize contact with malus planets that would deduct from my score: I prioritized touching the white zero point planets if I needed to.","strategy_probability":"Yes, I actually relied on the ship being knocked off course to a nearby planet in order to acquire extra points on some routes. Of course, it wasn't something I could guarantee, but I planned my three choices several times with an asteroid planet moving the ship elsewhere in mind.","strategy_change":"The only times I changed my chosen route were if I touched an asteroid planet and didn't go where I was planning to. I would need to recalculate what the best value of points I could get with my remaining moves.","risk_taking":3,"general_feedback":"No"}