{"move_key":1,"jump_key":0,"planet_value_minus20":-20,"planet_value_minus10":-10,"planet_value_0":0,"planet_value_plus10":10,"planet_value_plus20":20,"prob_target_miss":50,"steps_planned":3,"strategy_route_selection":"I would simulte different option in my head and the one that I felt would give me the highest points without risk, I would go for. ","strategy_probability":"Yes I did. In this case, I would not plan. I would just go to that planet first and then plan the remaining two steps","strategy_change":"No","risk_taking":2,"general_feedback":"No"}