{"move_key":0,"jump_key":1,"planet_value_minus20":-20,"planet_value_minus10":-10,"planet_value_0":0,"planet_value_plus10":10,"planet_value_plus20":20,"prob_target_miss":50,"steps_planned":3,"strategy_route_selection":"The strategy was to either gain the highest amount of fuel using all of the tries or minimise the amount of fuel lost.","strategy_probability":"Yes I did include the chance the ship might not reach the desired planet and the amount of risk vs reward of this happening.","strategy_change":"In one constellation I tried to land on an asteroid planet several times with each try making the ship return to the original planet costing me fuel, after this I was more cautious. ","risk_taking":3,"general_feedback":"No."}