{"move_key":1,"jump_key":0,"planet_value_minus20":-20,"planet_value_minus10":-10,"planet_value_0":0,"planet_value_plus10":10,"planet_value_plus20":20,"prob_target_miss":50,"steps_planned":3,"strategy_route_selection":"I looked at the number of planets there were of each type, prioritising the highest points and calculated the option that would get me to the most blue planets and least score losing planets","strategy_probability":"Yes, I when there were asteroids I looked at the risk of it landing on other planets around and how much I could lose/gain","strategy_change":"Yes after the first few goes I realised I could use the starting planet for points too so started to look at all 6 planets including the starting onenI also used the asteroid planets with the idea that it could move me to a better planetn","risk_taking":3,"general_feedback":"No"}