{"move_key":1,"jump_key":0,"planet_value_minus20":-20,"planet_value_minus10":-10,"planet_value_0":0,"planet_value_plus10":10,"planet_value_plus20":20,"prob_target_miss":50,"steps_planned":3,"strategy_route_selection":"I basically tried to avoid the asteroids as much as possible since they gave unpredictable landings, and I did my best to land on green.","strategy_probability":"No","strategy_change":"As time went on, I avoided the asteroids more and more.","risk_taking":3,"general_feedback":"No"}