{"move_key":0,"jump_key":1,"planet_value_minus20":-20,"planet_value_minus10":-10,"planet_value_0":0,"planet_value_plus10":10,"planet_value_plus20":20,"prob_target_miss":50,"steps_planned":2,"strategy_route_selection":"I tried to hit as many high-scoring planets as possible. I tried to work out whether the asteroid planets were worth the risk of missing my target, and also tried to account for if the optimum route included sacrificing points at any point.","strategy_probability":"Sometimes - I sometimes took the risk of choosing an asteroid planet, and tried to consider what my next step would be if I missed my target.","strategy_change":"No","risk_taking":2,"general_feedback":"No"}