{"move_key":1,"jump_key":0,"planet_value_minus20":-20,"planet_value_minus10":-10,"planet_value_0":0,"planet_value_plus10":10,"planet_value_plus20":20,"prob_target_miss":50,"steps_planned":3,"strategy_route_selection":"My strategy was to always make sure my gain would be positive or neutral and never take a minus where possible. I would plan my routes ahead and find the best one available.","strategy_probability":"Yes, sometimes it would be beneficial to me because it would redirect me to a favourable planet but if it did not it still wouldn't change my plan and I could continue it as planned","strategy_change":"No","risk_taking":1,"general_feedback":"No"}