{"move_key":0,"jump_key":1,"planet_value_minus20":-20,"planet_value_minus10":-10,"planet_value_0":0,"planet_value_plus10":10,"planet_value_plus20":20,"prob_target_miss":30,"steps_planned":3,"strategy_route_selection":"Added up the potential score from the 3 moves.","strategy_probability":"Generally went for the safer route, but sometimes took a chance at the asteroid planet if score made no difference.","strategy_change":"No","risk_taking":3,"general_feedback":"Was an interesting and fun survey :)"}