{"move_key":1,"jump_key":0,"planet_value_minus20":-20,"planet_value_minus10":-10,"planet_value_0":0,"planet_value_plus10":10,"planet_value_plus20":20,"prob_target_miss":50,"steps_planned":4,"strategy_route_selection":"Making sure that I was landing on green or blue planets (and in worst case scenarios, landing on planets that resulted in the least amount of score deduction)","strategy_probability":"No","strategy_change":"Yes. I tried to avoid the asteroid planets when the planet next to them was a high scoring one. If it was a low scoring one then I would decide to head for the asteroid planet.","risk_taking":2,"general_feedback":"The game is very time consuming and the breaks seem unevenly distributed."}
