{"move_key":0,"jump_key":1,"planet_value_minus20":-20,"planet_value_minus10":-10,"planet_value_0":0,"planet_value_plus10":10,"planet_value_plus20":20,"prob_target_miss":40,"steps_planned":2,"strategy_route_selection":"I sometimes took a risk that an asteroid belt over a bad planet would ping me back to a good planet or skip me forward to one. I mostly looked for ways to avoid the bad planets","strategy_probability":"yes, as mentioned above","strategy_change":"No","risk_taking":1,"general_feedback":"no"}