{"move_key":1,"jump_key":0,"planet_value_minus20":-20,"planet_value_minus10":-10,"planet_value_0":0,"planet_value_plus10":10,"planet_value_plus20":20,"prob_target_miss":50,"steps_planned":2,"strategy_route_selection":"Whichever would end with me net positive for that round.","strategy_probability":"Yes, sometimes i decided it was worth the risk, such as if two positive planets were on either side of an astroid-covered planet.","strategy_change":"I started off riskier, but after a few bad astroid instances, I changed to take negative hits if I could outweigh them with positive hits.","risk_taking":2,"general_feedback":"The game was very long and lacked variance, I think adding other factors into the game could help you gather more data."}